1001,C001,john@example.com,250.5,completed,2026-05-20T10:30:00.000+05:30,correct,
1002,C002,sarah@gmail.com,1500.0,pending,2026-05-21T09:00:00.000+05:30,correct,
1003,C003,mike@yahoo.com,99.99,completed,2026-05-18T14:20:00.000+05:30,correct,
1004,C004,,450.25,completed,2026-05-22T11:00:00.000+05:30,correct,
1005,C005,anna@gmail.com,0.01,completed,2026-05-19T08:00:00.000+05:30,correct,
1008,C009,alex@gmail.com,999999.99,completed,2026-05-20T09:00:00.000+05:30,correct,
1009,C010,lisa@gmail.com,0.01,completed,2026-05-18T12:00:00.000+05:30,correct,
1012,C013,rohan@gmail.com,50.0,,2026-05-21T07:30:00.000+05:30,correct,
1013,C014,,200.0,pending,2026-05-19T06:00:00.000+05:30,correct,
1014,C015,kate@gmail.com,0.01,completed,2026-05-18T05:00:00.000+05:30,correct,
1015,C016,,100.0,completed,2026-05-17T11:11:11.000+05:30,correct,
